S.No.,Name,Time
1,Osama,9.710020065307617
2,Osama,9.823609828948975
3,Osama,9.929743766784668
4,Osama,10.766746520996094
5,Osama,11.69190239906311
6,Osama,11.851598501205444
7,Osama,12.638740062713623
8,Osama,12.93867015838623
