S.No.,Name,Time
1,Osama,4.614339828491211
2,Osama,4.950845718383789
3,Osama,5.085156202316284
4,Osama,5.4030656814575195
5,Osama,5.516057968139648
6,Osama,5.8755717277526855
7,Osama,6.151162624359131
8,Osama,6.232107400894165
